[
  {
    "name": "AFWB-variant-160x600",
    "size": "160x600",
    "width": 160,
    "height": 600,
    "frameLimit": 5,
    "frameMinCount": 1,
    "start": [
      "anotherone",
      "start"
    ],
    "middle": [
      "1-mid",
      "copy-2",
      "3"
    ],
    "end": [
      "endframe",
      "99"
    ],
    "baseSize": 8000
  },
  {
    "name": "AFWB-variant-300x250",
    "size": "300x250",
    "width": 300,
    "height": 250,
    "frameLimit": 5,
    "frameMinCount": 1,
    "start": [
      "anotherone",
      "start"
    ],
    "middle": [
      "1-mid",
      "copy-2",
      "3"
    ],
    "end": [
      "endframe",
      "99"
    ],
    "baseSize": 8000
  },
  {
    "name": "AFWB-variant-300x600",
    "size": "300x600",
    "width": 300,
    "height": 600,
    "frameLimit": 5,
    "frameMinCount": 1,
    "start": [
      "anotherone",
      "start"
    ],
    "middle": [
      "1-mid",
      "copy-2",
      "3"
    ],
    "end": [
      "endframe",
      "99"
    ],
    "baseSize": 8000
  }
]